game_id,game_name,price,top_prize,jackpots_left,jackpots_initial,total_printed,release_date,est_cards_left,advantage_ratio,edge_verdict,odds_1_in,ratio_best_case,ratio_worst_case,odds_best_case,odds_worst_case,procedures_url,last_updated
1476,BONUS MUL TIPLIER,2.0,100000,3,4,13889760,2025-10-17,5101487,2.042,🔥 Strong Edge (Confirmed),1700496.0,4.103,1.328,846316.0,2614958.0,https://assets.national-lottery.co.uk/dam/jcr:669b8c9e-80bf-42fb-99ea-8ef8a0763e41,2026-09-29 12:19
1493,£2 MILLION GREEN,5.0,2000000,1,4,27436920,2025-10-17,4589758,1.494,🔥 High Edge,4589758.0,5.968,0.77,1149253.0,8911506.0,https://assets.national-lottery.co.uk/dam/jcr:28449dd7-94d5-4a69-b8b5-aeb4c998d568,2026-09-29 12:19
1487,4 WAYS TO WIN,3.0,300000,2,4,11007060,2026-01-15,3703393,1.486,🔥 High Edge,1851696.0,3.169,0.941,868277.0,2923346.0,https://assets.national-lottery.co.uk/dam/jcr:b5e60d13-7890-498d-aa31-4002a44f4a7f,2026-09-29 12:19
1501,20X,2.0,100000,3,4,12633840,2026-04-10,6938634,1.366,🔥 High Edge,2312878.0,2.15,1.007,1469094.0,3136307.0,https://assets.national-lottery.co.uk/dam/jcr:949a8873-9621-48e7-b7f7-3cb9dc46842b,2026-09-29 12:19
1426,MONEY SPIDER,1.0,5000,3,10,7017840,2025-10-17,1610962,1.307,🔥 High Edge,536987.0,2.824,0.814,248470.0,862327.0,https://assets.national-lottery.co.uk/dam/jcr:188847f7-a582-4b27-9186-51ea2670f2f2,2026-09-29 12:19
1490,"£25,000,000 BONANZA!",2.0,50000,2,5,22975800,2026-01-20,7136044,1.288,🔥 High Edge,3568022.0,2.766,0.811,1661418.0,5666164.0,https://assets.national-lottery.co.uk/dam/jcr:2c860e8c-0869-4f00-84f6-6bebb4e80228,2026-09-29 12:19
1494,DEAL OR NO DEAL,5.0,1500000,1,4,20334180,2025-12-08,4108047,1.237,✅ Favourable,4108047.0,4.032,0.674,1260877.0,7543743.0,https://assets.national-lottery.co.uk/dam/jcr:67d2cbe7-3bbc-44f4-aeed-74faca672099,2026-09-29 12:19
1497,"£100,000 JACKPOT",1.0,100000,2,4,89584740,2026-03-13,36373227,1.231,✅ Favourable,18186614.0,2.319,0.826,9656718.0,27129788.0,https://assets.national-lottery.co.uk/dam/jcr:22b5c037-fef8-4557-9c2b-96069945b697,2026-09-29 12:19
1532,3 IN 1 BLUE,5.0,1000000,3,3,7068480,2026-07-13,5797569,1.219,✅ Favourable,1932523.0,1.54,1.046,1530333.0,2252673.0,https://assets.national-lottery.co.uk/dam/jcr:44b8a885-ad15-4c2c-90bf-06935a023db7,2026-09-29 12:19
1512,7 TIMES LUCKY,2.0,70000,3,5,14049120,2026-04-10,7014473,1.202,✅ Favourable,2338158.0,1.94,0.87,1448024.0,3228588.0,https://assets.national-lottery.co.uk/dam/jcr:c40b4bb9-ddde-41e9-84a7-a6791f64e01b,2026-09-29 12:19
1507,CASHWORD EXTRA,3.0,300000,3,4,18146580,2026-06-09,12027793,1.132,✅ Favourable,4009264.0,1.603,0.891,2830958.0,5091030.0,https://assets.national-lottery.co.uk/dam/jcr:c366298e-0846-42ac-aec8-afd6efcdd9aa,2026-09-29 12:19
1478,FORTUNES OF FIRE & ICE,3.0,300000,2,4,8100780,2026-04-10,3638953,1.113,✅ Favourable,1819476.0,1.97,0.77,1028108.0,2631052.0,https://assets.national-lottery.co.uk/dam/jcr:72b2888a-8c55-48b0-8ebd-70ed7e00fbc1,2026-09-29 12:19
1500,BINGO MULTIPLIER,3.0,300000,2,4,17010660,2026-04-10,7641363,1.113,✅ Favourable,3820682.0,1.97,0.77,2158903.0,5524890.0,https://assets.national-lottery.co.uk/dam/jcr:115fef1a-3974-46d8-a2fc-fd0281291bb9,2026-09-29 12:19
1522,FROSTY FORTUNES,3.0,300000,5,5,26044020,2026-08-21,24341673,1.07,✅ Favourable,4868335.0,1.193,1.01,4364738.0,5156716.0,https://assets.national-lottery.co.uk/dam/jcr:61aa4a76-108d-40ef-8db0-a36de1a456f1,2026-09-29 12:19
1502,"£100,000 A MONTH FOR A YEAR",5.0,1200000,2,3,7981020,2026-06-09,4990915,1.066,✅ Favourable,2495458.0,1.6,0.813,1662838.0,3272771.0,https://assets.national-lottery.co.uk/dam/jcr:05eba1fc-7874-4a3a-a896-77f888f38340,2026-09-29 12:19
1520,FEASTIVE FORTUNES,2.0,100000,5,5,11298960,2026-08-24,10629273,1.063,✅ Favourable,2125855.0,1.178,1.01,1919004.0,2237194.0,https://assets.national-lottery.co.uk/dam/jcr:0abb76e5-b02e-4992-aadf-b095ddb033cb,2026-09-29 12:19
1524,CHRISTMAS COUNTDOWN,5.0,1000000,4,4,11078100,2026-09-04,10618793,1.043,⚖️ Neutral,2654698.0,1.133,1.01,2443796.0,2741830.0,https://assets.national-lottery.co.uk/dam/jcr:b6a4ae7b-a4cf-4ae5-9468-4b947b9c1d24,2026-09-29 12:19
1526,WHEN IT’S GOLD OUTSIDE,10.0,4000000,4,4,7979850,2026-09-04,7648999,1.043,⚖️ Neutral,1912250.0,1.133,1.01,1760331.0,1975013.0,https://assets.national-lottery.co.uk/dam/jcr:9b815a9f-d062-449b-bafe-652a4ffdfba7,2026-09-29 12:19
1519,MEGA RICH,5.0,500000,4,4,6938160,2026-09-04,6650498,1.043,⚖️ Neutral,1662624.0,1.133,1.01,1530537.0,1717194.0,https://assets.national-lottery.co.uk/dam/jcr:0f5a0003-eb28-43c5-9e15-6f2cc7c09246,2026-09-29 12:19
1510,"£250,000 JACKPOT",2.0,250000,7,8,87015000,2026-08-05,74052904,1.028,⚖️ Neutral,10578986.0,1.209,0.916,8998764.0,11867947.0,https://assets.national-lottery.co.uk/dam/jcr:867d6582-13e1-4c0f-93d5-614add8727a9,2026-09-29 12:19
1529,£100 TRIPLER BLACK,2.0,100,3677,3793,9521280,2026-08-20,9228695,1.0,⚖️ Neutral,2510.0,1.004,0.997,2500.0,2519.0,https://assets.national-lottery.co.uk/dam/jcr:2ee1874f-66c7-4b25-b75b-aabf293b02e0,2026-09-29 12:19
1515,"FULL OF £1,000s",5.0,1000,5315,9031,18898140,2026-05-06,11120876,1.0,⚖️ Neutral,2092.0,1.011,0.989,2069.0,2116.0,https://assets.national-lottery.co.uk/dam/jcr:ce68b7ee-ce9b-4294-bae6-9e20fbbcc439,2026-09-29 12:19
1504,£500 LOADED,5.0,500,1648,11548,17325720,2026-03-09,2474251,1.0,⚖️ Neutral,1501.0,1.029,0.971,1458.0,1545.0,https://assets.national-lottery.co.uk/dam/jcr:ec2a7284-4a40-4222-80de-7a3c0f878bfe,2026-09-29 12:19
1513,SPIN £100,2.0,100,934,2909,7162560,2026-03-27,2300541,1.0,⚖️ Neutral,2463.0,1.035,0.966,2378.0,2548.0,https://assets.national-lottery.co.uk/dam/jcr:c1e707f0-6efa-4f20-b7bb-8ea9038b5b8d,2026-09-29 12:19
1471,£500 LOADED,5.0,500,6040,18876,16011960,2025-10-17,5122498,1.0,⚖️ Neutral,848.0,1.013,0.986,837.0,860.0,https://assets.national-lottery.co.uk/dam/jcr:3199e339-7cc6-45d9-8522-80e6e22541b2,2026-09-29 12:19
1505,FIVER OR TENNER,1.0,10,40257,189777,6599160,2026-04-10,1399908,0.994,⚖️ Neutral,35.0,0.994,0.994,35.0,35.0,https://assets.national-lottery.co.uk/dam/jcr:f2446723-6afe-462a-9218-ff50a268e719,2026-09-29 12:19
1523,TINSEL TRAIL,3.0,300000,3,4,9078120,2026-08-20,7497152,0.908,⚖️ Neutral,2499051.0,1.126,0.786,2014919.0,2887854.0,https://assets.national-lottery.co.uk/dam/jcr:6ef2b9dd-a695-4278-8057-00fcf81bf94e,2026-09-29 12:19
1525,JUST TO SAY,1.0,10000,3,4,19656000,2026-08-20,16232880,0.908,⚖️ Neutral,5410960.0,1.126,0.786,4362715.0,6252798.0,https://assets.national-lottery.co.uk/dam/jcr:b9646129-1490-45dd-92d8-d7e3b7797b31,2026-09-29 12:19
1503,RED HOT 7s,5.0,700000,2,4,11102580,2026-06-09,6248679,0.888,⚠️ Depleted,3124340.0,1.379,0.661,2012167.0,4202266.0,https://assets.national-lottery.co.uk/dam/jcr:58ab4a5c-fcef-4df8-9f1d-6d5dde81cea5,2026-09-29 12:19
1506,£2 MILLION JACKPOT,5.0,2000000,2,3,40748040,2026-08-05,31305836,0.868,⚠️ Depleted,15652918.0,1.146,0.72,11852533.0,18853898.0,https://assets.national-lottery.co.uk/dam/jcr:76111dd5-81c6-41eb-a545-ac25565f8435,2026-09-29 12:19
1511,BEAT THE CHASERS,5.0,1500000,1,3,11806620,2026-05-06,5181486,0.76,⚠️ Depleted,5181486.0,1.42,0.513,2771028.0,7671843.0,https://assets.national-lottery.co.uk/dam/jcr:95302637-d1a1-4e2d-8ead-a7e3af64fbc7,2026-09-29 12:19
1509,ALL ABOUT 25,5.0,25000,4,25,5533260,2026-04-13,1167717,0.758,⚠️ Depleted,291929.0,1.304,0.52,169732.0,425667.0,https://assets.national-lottery.co.uk/dam/jcr:12b76eb9-19cd-4905-a8de-d6166bd36500,2026-09-29 12:19
1496,£2 MILLION GOLD,5.0,2000000,0,3,22218720,2026-03-13,5086120,0.0,⛔ No Jackpots Left,No Top Prizes,0.0,0.0,No Top Prizes,No Top Prizes,https://assets.national-lottery.co.uk/dam/jcr:c39db447-800a-43d3-aa1e-ecb5c9a49337,2026-09-29 12:19
1498,"£300,000 BIRTHDAY",2.0,300000,0,5,41370240,2026-02-16,6492186,0.0,⛔ No Jackpots Left,No Top Prizes,0.0,0.0,No Top Prizes,No Top Prizes,https://assets.national-lottery.co.uk/dam/jcr:3a63627a-2e2f-477c-9515-5376066138fe,2026-09-29 12:19
1492,CASHWORD BONUS,3.0,300000,0,4,20255340,2025-12-08,2066585,0.0,⛔ No Jackpots Left,No Top Prizes,0.0,0.0,No Top Prizes,No Top Prizes,https://assets.national-lottery.co.uk/dam/jcr:8194923e-d098-4f5a-a87b-370835f0d364,2026-09-29 12:19
1455,£2 MILLION RED,5.0,2000000,0,5,23067360,2025-10-17,1410968,0.0,⛔ No Jackpots Left,No Top Prizes,0.0,0.0,No Top Prizes,No Top Prizes,https://assets.national-lottery.co.uk/dam/jcr:b1c3fc3a-a84f-490c-905a-d3de7b735b6f,2026-09-29 12:19
1491,LOADED LINES,3.0,300000,0,7,25674420,2026-01-05,2499361,0.0,⛔ No Jackpots Left,No Top Prizes,0.0,0.0,No Top Prizes,No Top Prizes,https://assets.national-lottery.co.uk/dam/jcr:2aacc7b7-caae-4620-a4ab-3576f4ba5ba6,2026-09-29 12:19
1457,MEGA CASHWORD,5.0,1000000,0,4,13405260,2025-10-17,901960,0.0,⛔ No Jackpots Left,No Top Prizes,0.0,0.0,No Top Prizes,No Top Prizes,https://assets.national-lottery.co.uk/dam/jcr:51cd1727-d9d0-4566-a85e-bd2a0f6319a9,2026-09-29 12:19
